{"mean":{"confidence_interval":{"confidence_level":0.95,"lower_bound":8.090674904589575,"upper_bound":8.143883823811393},"point_estimate":8.115599489459248,"standard_error":0.01353067619061151},"median":{"confidence_interval":{"confidence_level":0.95,"lower_bound":8.08860805120082,"upper_bound":8.130145521930691},"point_estimate":8.106738661066473,"standard_error":0.01082235717462152},"median_abs_dev":{"confidence_interval":{"confidence_level":0.95,"lower_bound":0.06240250915437626,"upper_bound":0.10620155148656789},"point_estimate":0.08489918119268366,"standard_error":0.011363593853976721},"slope":{"confidence_interval":{"confidence_level":0.95,"lower_bound":8.094906643084787,"upper_bound":8.133048876764354},"point_estimate":8.11410138025567,"standard_error":0.009754239782036104},"std_dev":{"confidence_interval":{"confidence_level":0.95,"lower_bound":0.08623221231522855,"upper_bound":0.18906749071408166},"point_estimate":0.13575808593520372,"standard_error":0.028075954941072016}}