{"mean":{"confidence_interval":{"confidence_level":0.95,"lower_bound":26984.324130585763,"upper_bound":27139.732866835202},"point_estimate":27057.384429053756,"standard_error":39.553573088018815},"median":{"confidence_interval":{"confidence_level":0.95,"lower_bound":26940.81081081081,"upper_bound":27034.25910693302},"point_estimate":26987.7825567503,"standard_error":21.499365792470783},"median_abs_dev":{"confidence_interval":{"confidence_level":0.95,"lower_bound":116.59740919047967,"upper_bound":197.34557341040696},"point_estimate":164.01774601634014,"standard_error":20.712113004939976},"slope":{"confidence_interval":{"confidence_level":0.95,"lower_bound":26969.477446319954,"upper_bound":27084.760138704096},"point_estimate":27021.17711117945,"standard_error":29.521149984171483},"std_dev":{"confidence_interval":{"confidence_level":0.95,"lower_bound":252.83918097023104,"upper_bound":524.6758129226595},"point_estimate":398.2668485294697,"standard_error":69.69892498811977}}