{"mean":{"confidence_interval":{"confidence_level":0.95,"lower_bound":102.66153493628396,"upper_bound":104.2115386883503},"point_estimate":103.32113786684067,"standard_error":0.4007021346259628},"median":{"confidence_interval":{"confidence_level":0.95,"lower_bound":102.61547918641044,"upper_bound":102.86931279715212},"point_estimate":102.7091054974635,"standard_error":0.08333151950168496},"median_abs_dev":{"confidence_interval":{"confidence_level":0.95,"lower_bound":0.6068510793010142,"upper_bound":1.3435119812799496},"point_estimate":0.9662439549615417,"standard_error":0.18415097263736302},"slope":{"confidence_interval":{"confidence_level":0.95,"lower_bound":102.28380296597739,"upper_bound":105.30257517124592},"point_estimate":103.38239224834479,"standard_error":0.8358739107400737},"std_dev":{"confidence_interval":{"confidence_level":0.95,"lower_bound":1.1027160328323797,"upper_bound":6.250263729159264},"point_estimate":4.0216613970703206,"standard_error":1.3270529233326236}}