{"mean":{"confidence_interval":{"confidence_level":0.95,"lower_bound":103.11239307480716,"upper_bound":103.41347454385443},"point_estimate":103.23301179554305,"standard_error":0.0788978562901932},"median":{"confidence_interval":{"confidence_level":0.95,"lower_bound":103.0215375281678,"upper_bound":103.11605303112759},"point_estimate":103.0696636410911,"standard_error":0.024868382905981787},"median_abs_dev":{"confidence_interval":{"confidence_level":0.95,"lower_bound":0.10629778198847446,"upper_bound":0.20837569244422216},"point_estimate":0.1358429566921134,"standard_error":0.027646538270984646},"slope":{"confidence_interval":{"confidence_level":0.95,"lower_bound":103.09607499327272,"upper_bound":103.32023701265463},"point_estimate":103.18713075422382,"standard_error":0.058973144751147254},"std_dev":{"confidence_interval":{"confidence_level":0.95,"lower_bound":0.20656453318313386,"upper_bound":1.2843855969281825},"point_estimate":0.7911757319336948,"standard_error":0.32260329118243974}}