{"mean":{"confidence_interval":{"confidence_level":0.95,"lower_bound":102.36437566075844,"upper_bound":103.09968022743728},"point_estimate":102.68434718944967,"standard_error":0.18939346142503605},"median":{"confidence_interval":{"confidence_level":0.95,"lower_bound":101.95965854918444,"upper_bound":102.83729989363792},"point_estimate":102.66298524025575,"standard_error":0.24483558123947854},"median_abs_dev":{"confidence_interval":{"confidence_level":0.95,"lower_bound":0.5859869409529432,"upper_bound":1.3195913622011597},"point_estimate":1.0526962204078802,"standard_error":0.18558066385961597},"slope":{"confidence_interval":{"confidence_level":0.95,"lower_bound":102.42794461717038,"upper_bound":102.9447052751898},"point_estimate":102.67121185192586,"standard_error":0.13208478828445797},"std_dev":{"confidence_interval":{"confidence_level":0.95,"lower_bound":0.8364918225733,"upper_bound":2.9092605273391956},"point_estimate":1.901755404457292,"standard_error":0.588960571552799}}